timestamp,step,loss,perplexity,learning_rate,tokens_per_sec,tokens_total,tokens_billions,elapsed_hours,phase
,100,6.6286,756.4,3.00e-05,12326,1638400,0.0,0.0,extended_v1
,200,6.5978,733.5,3.00e-05,12631,3276800,0.0,0.1,extended_v1
,300,6.6048,738.6,3.00e-05,12739,4915200,0.0,0.1,extended_v1
,400,6.5955,731.8,3.00e-05,12784,6553600,0.01,0.1,extended_v1
,500,6.5896,727.5,3.00e-05,12811,8192000,0.01,0.2,extended_v1
,600,6.605,738.8,3.00e-05,12311,9830400,0.01,0.2,extended_v1
,700,6.5902,727.9,3.00e-05,12402,11468800,0.01,0.3,extended_v1
,800,6.5952,731.6,3.00e-05,12469,13107200,0.01,0.3,extended_v1
,900,6.5609,706.9,3.00e-05,12523,14745600,0.01,0.3,extended_v1
,1000,6.5613,707.2,3.00e-05,12573,16384000,0.02,0.4,extended_v1
,1100,6.5479,697.8,3.00e-05,12333,18022400,0.02,0.4,extended_v1
,1200,6.5116,672.9,3.00e-05,12394,19660800,0.02,0.4,extended_v1
,1300,6.5373,690.4,3.00e-05,12444,21299200,0.02,0.5,extended_v1
,1400,6.5145,674.9,2.99e-05,12486,22937600,0.02,0.5,extended_v1
,1500,6.4849,655.2,2.99e-05,12525,24576000,0.02,0.5,extended_v1
,1600,6.4972,663.3,2.99e-05,12363,26214400,0.03,0.6,extended_v1
,1700,6.4554,636.1,2.99e-05,12403,27852800,0.03,0.6,extended_v1
,1800,6.4691,644.9,2.99e-05,12440,29491200,0.03,0.7,extended_v1
,1900,6.4575,637.5,2.99e-05,12472,31129600,0.03,0.7,extended_v1
,2000,6.4168,612.0,2.99e-05,12501,32768000,0.03,0.7,extended_v1
,2100,6.4529,634.5,2.99e-05,12379,34406400,0.03,0.8,extended_v1
,2200,6.4031,603.7,2.99e-05,12411,36044800,0.04,0.8,extended_v1
,2300,6.3781,588.8,2.98e-05,12438,37683200,0.04,0.8,extended_v1
,2400,6.3769,588.1,2.98e-05,12465,39321600,0.04,0.9,extended_v1
,2500,6.3702,584.2,2.98e-05,12488,40960000,0.04,0.9,extended_v1
,2600,6.3343,563.6,2.98e-05,12390,42598400,0.04,1.0,extended_v1
,2700,6.2848,536.4,2.98e-05,12416,44236800,0.04,1.0,extended_v1
,2800,6.3402,566.9,2.98e-05,12439,45875200,0.05,1.0,extended_v1
,2900,6.3517,573.5,2.98e-05,12459,47513600,0.05,1.1,extended_v1
,3000,6.3165,553.6,2.97e-05,12479,49152000,0.05,1.1,extended_v1
,3100,6.282,534.9,2.97e-05,12398,50790400,0.05,1.1,extended_v1
,3200,6.2554,520.8,2.97e-05,12420,52428800,0.05,1.2,extended_v1
,3300,6.2608,523.6,2.97e-05,12439,54067200,0.05,1.2,extended_v1
,3400,6.2819,534.8,2.97e-05,12457,55705600,0.06,1.2,extended_v1
,3500,6.2531,519.6,2.96e-05,12474,57344000,0.06,1.3,extended_v1
,3600,6.2664,526.6,2.96e-05,12405,58982400,0.06,1.3,extended_v1
,3700,6.2603,523.4,2.96e-05,12423,60620800,0.06,1.4,extended_v1
,3800,6.2408,513.3,2.96e-05,12439,62259200,0.06,1.4,extended_v1
,3900,6.2695,528.2,2.96e-05,12455,63897600,0.06,1.4,extended_v1
,4000,6.2585,522.4,2.95e-05,12470,65536000,0.07,1.5,extended_v1
,4100,6.2502,518.1,2.95e-05,12408,67174400,0.07,1.5,extended_v1
,4200,6.2943,541.5,2.95e-05,12425,68812800,0.07,1.5,extended_v1
,4300,6.2084,496.9,2.95e-05,12440,70451200,0.07,1.6,extended_v1
,4400,6.258,522.2,2.94e-05,12454,72089600,0.07,1.6,extended_v1
,4500,6.2482,517.1,2.94e-05,12468,73728000,0.07,1.6,extended_v1
,4600,6.2322,508.9,2.94e-05,12413,75366400,0.08,1.7,extended_v1
,4700,6.224,504.7,2.94e-05,12427,77004800,0.08,1.7,extended_v1
,4800,6.219,502.2,2.93e-05,12441,78643200,0.08,1.8,extended_v1
,4900,6.2474,516.7,2.93e-05,12454,80281600,0.08,1.8,extended_v1
,5000,6.1857,485.8,2.93e-05,12466,81920000,0.08,1.8,extended_v1
,5100,6.1885,487.1,2.92e-05,12417,83558400,0.08,1.9,extended_v1
,5200,6.1942,489.9,2.92e-05,12429,85196800,0.09,1.9,extended_v1
,5300,6.1554,471.3,2.92e-05,12441,86835200,0.09,1.9,extended_v1
,5400,6.1031,447.2,2.91e-05,12453,88473600,0.09,2.0,extended_v1
,5500,6.1572,472.1,2.91e-05,12464,90112000,0.09,2.0,extended_v1
,5600,6.1434,465.6,2.91e-05,12419,91750400,0.09,2.1,extended_v1
,5700,6.1458,466.8,2.90e-05,12431,93388800,0.09,2.1,extended_v1
,5800,6.1042,447.7,2.90e-05,12443,95027200,0.1,2.1,extended_v1
,5900,6.1172,453.6,2.90e-05,12453,96665600,0.1,2.2,extended_v1
,6000,6.1047,448.0,2.89e-05,12463,98304000,0.1,2.2,extended_v1
,6100,6.1067,448.9,2.89e-05,12422,99942400,0.1,2.2,extended_v1
,6200,6.0773,435.9,2.89e-05,12433,101580800,0.1,2.3,extended_v1
,6300,6.0827,438.2,2.88e-05,12443,103219200,0.1,2.3,extended_v1
,6400,6.0771,435.8,2.88e-05,12453,104857600,0.1,2.3,extended_v1
,6500,6.0324,416.7,2.88e-05,12463,106496000,0.11,2.4,extended_v1
,6600,6.0655,430.7,2.87e-05,12425,108134400,0.11,2.4,extended_v1
,6700,6.0779,436.1,2.87e-05,12435,109772800,0.11,2.5,extended_v1
,6800,6.0573,427.2,2.87e-05,12445,111411200,0.11,2.5,extended_v1
,6900,6.1058,448.5,2.86e-05,12454,113049600,0.11,2.5,extended_v1
,7000,6.0757,435.2,2.86e-05,12463,114688000,0.11,2.6,extended_v1
,7100,6.059,427.9,2.85e-05,12428,116326400,0.12,2.6,extended_v1
,7200,6.0857,439.5,2.85e-05,12437,117964800,0.12,2.6,extended_v1
,7300,6.0675,431.6,2.85e-05,12446,119603200,0.12,2.7,extended_v1
,7400,6.0917,442.2,2.84e-05,12455,121241600,0.12,2.7,extended_v1
,7500,6.0601,428.4,2.84e-05,12463,122880000,0.12,2.7,extended_v1
,7600,6.0465,422.6,2.83e-05,12430,124518400,0.12,2.8,extended_v1
,7700,6.0423,420.9,2.83e-05,12439,126156800,0.13,2.8,extended_v1
,7800,6.0699,432.6,2.82e-05,12448,127795200,0.13,2.9,extended_v1
,7900,6.0253,413.8,2.82e-05,12456,129433600,0.13,2.9,extended_v1
,8000,6.0216,412.2,2.81e-05,12464,131072000,0.13,2.9,extended_v1
,8100,6.0726,433.8,2.81e-05,12433,132710400,0.13,3.0,extended_v1
,8200,6.0806,437.3,2.81e-05,12441,134348800,0.13,3.0,extended_v1
,8300,6.0265,414.3,2.80e-05,12449,135987200,0.14,3.0,extended_v1
,8400,6.0305,415.9,2.80e-05,12457,137625600,0.14,3.1,extended_v1
,8500,6.0464,422.6,2.79e-05,12465,139264000,0.14,3.1,extended_v1
,8600,6.0297,415.6,2.79e-05,12436,140902400,0.14,3.1,extended_v1
,8700,6.0056,405.7,2.78e-05,12444,142540800,0.14,3.2,extended_v1
,8800,6.004,405.0,2.78e-05,12451,144179200,0.14,3.2,extended_v1
,8900,5.998,402.6,2.77e-05,12459,145817600,0.15,3.3,extended_v1
,9000,5.9831,396.7,2.77e-05,12466,147456000,0.15,3.3,extended_v1
,9100,6.0191,411.2,2.76e-05,12439,149094400,0.15,3.3,extended_v1
,9200,5.9944,401.2,2.76e-05,12446,150732800,0.15,3.4,extended_v1
,9300,5.9603,387.7,2.75e-05,12453,152371200,0.15,3.4,extended_v1
,9400,5.9272,375.1,2.75e-05,12460,154009600,0.15,3.4,extended_v1
,9500,5.923,373.5,2.74e-05,12467,155648000,0.16,3.5,extended_v1
,9600,5.9227,373.4,2.74e-05,12441,157286400,0.16,3.5,extended_v1
,9700,5.9207,372.7,2.73e-05,12448,158924800,0.16,3.5,extended_v1
,9800,5.9638,389.1,2.72e-05,12455,160563200,0.16,3.6,extended_v1
,9900,5.9301,376.2,2.72e-05,12461,162201600,0.16,3.6,extended_v1
,10000,5.9058,367.2,2.71e-05,12468,163840000,0.16,3.7,extended_v1
,10100,5.9045,366.7,2.71e-05,12444,165478400,0.17,3.7,extended_v1
,10200,5.9088,368.3,2.70e-05,12451,167116800,0.17,3.7,extended_v1
,10300,5.9382,379.3,2.70e-05,12458,168755200,0.17,3.8,extended_v1
,10400,5.8959,363.5,2.69e-05,12464,170393600,0.17,3.8,extended_v1
,10500,5.9313,376.6,2.69e-05,12471,172032000,0.17,3.8,extended_v1
,10600,5.9188,372.0,2.68e-05,12448,173670400,0.17,3.9,extended_v1
,10700,5.9489,383.3,2.67e-05,12454,175308800,0.18,3.9,extended_v1
,10800,5.9297,376.0,2.67e-05,12461,176947200,0.18,3.9,extended_v1
,10900,5.9397,379.8,2.66e-05,12467,178585600,0.18,4.0,extended_v1
,11000,5.9018,365.7,2.66e-05,12473,180224000,0.18,4.0,extended_v1
,11100,5.9577,386.7,2.65e-05,12451,181862400,0.18,4.1,extended_v1
,11200,5.9684,390.9,2.64e-05,12458,183500800,0.18,4.1,extended_v1
,11300,5.9218,373.1,2.64e-05,12464,185139200,0.19,4.1,extended_v1
,11400,5.8995,364.9,2.63e-05,12470,186777600,0.19,4.2,extended_v1
,11500,5.8908,361.7,2.63e-05,12476,188416000,0.19,4.2,extended_v1
,11600,5.8947,363.1,2.62e-05,12455,190054400,0.19,4.2,extended_v1
,11700,5.9313,376.6,2.61e-05,12461,191692800,0.19,4.3,extended_v1
,11800,5.9061,367.3,2.61e-05,12467,193331200,0.19,4.3,extended_v1
,11900,5.9447,381.7,2.60e-05,12473,194969600,0.19,4.3,extended_v1
,12000,5.9067,367.5,2.59e-05,12478,196608000,0.2,4.4,extended_v1
,12100,5.8487,346.8,2.59e-05,12458,198246400,0.2,4.4,extended_v1
,12200,5.8907,361.7,2.58e-05,12464,199884800,0.2,4.5,extended_v1
,12300,5.9036,366.4,2.57e-05,12469,201523200,0.2,4.5,extended_v1
,12400,5.8974,364.1,2.57e-05,12475,203161600,0.2,4.5,extended_v1
,12500,5.875,356.0,2.56e-05,12480,204800000,0.2,4.6,extended_v1
,12600,5.8617,351.3,2.55e-05,12461,206438400,0.21,4.6,extended_v1
,12700,5.8214,337.4,2.55e-05,12466,208076800,0.21,4.6,extended_v1
,12800,5.8421,344.5,2.54e-05,12472,209715200,0.21,4.7,extended_v1
,12900,5.8343,341.8,2.53e-05,12477,211353600,0.21,4.7,extended_v1
,13000,5.8351,342.1,2.53e-05,12482,212992000,0.21,4.7,extended_v1
,13100,5.8603,350.8,2.52e-05,12464,214630400,0.21,4.8,extended_v1
,13200,5.8432,344.9,2.51e-05,12469,216268800,0.22,4.8,extended_v1
,13300,5.8386,343.3,2.51e-05,12474,217907200,0.22,4.9,extended_v1
,13400,5.8083,333.1,2.50e-05,12479,219545600,0.22,4.9,extended_v1
,13500,5.7975,329.5,2.49e-05,12484,221184000,0.22,4.9,extended_v1
,13600,5.8012,330.7,2.48e-05,12466,222822400,0.22,5.0,extended_v1
,13700,5.7892,326.8,2.48e-05,12472,224460800,0.22,5.0,extended_v1
,13800,5.7971,329.3,2.47e-05,12477,226099200,0.23,5.0,extended_v1
,13900,5.789,326.7,2.46e-05,12481,227737600,0.23,5.1,extended_v1
,14000,5.8562,349.4,2.46e-05,12486,229376000,0.23,5.1,extended_v1
,14100,5.8382,343.2,2.45e-05,12469,231014400,0.23,5.1,extended_v1
,14200,5.8235,338.2,2.44e-05,12474,232652800,0.23,5.2,extended_v1
,14300,5.7742,321.9,2.43e-05,12479,234291200,0.23,5.2,extended_v1
,14400,5.8532,348.3,2.43e-05,12484,235929600,0.24,5.2,extended_v1
,14500,5.8218,337.6,2.42e-05,12488,237568000,0.24,5.3,extended_v1
,14600,5.839,343.4,2.41e-05,12471,239206400,0.24,5.3,extended_v1
,14700,5.8241,338.4,2.40e-05,12476,240844800,0.24,5.4,extended_v1
,14800,5.8048,331.9,2.40e-05,12481,242483200,0.24,5.4,extended_v1
,14900,5.8496,347.1,2.39e-05,12486,244121600,0.24,5.4,extended_v1
,15000,5.8382,343.2,2.38e-05,12490,245760000,0.25,5.5,extended_v1
,15100,5.8196,336.8,2.37e-05,12474,247398400,0.25,5.5,extended_v1
,15200,5.8622,351.5,2.37e-05,12479,249036800,0.25,5.5,extended_v1
,15300,5.8523,348.0,2.36e-05,12483,250675200,0.25,5.6,extended_v1
,15400,5.8666,353.0,2.35e-05,12488,252313600,0.25,5.6,extended_v1
,15500,5.8837,359.1,2.34e-05,12492,253952000,0.25,5.6,extended_v1
,15600,5.7859,325.7,2.34e-05,12477,255590400,0.26,5.7,extended_v1
,15700,5.7722,321.2,2.33e-05,12481,257228800,0.26,5.7,extended_v1
,15800,5.766,319.3,2.32e-05,12486,258867200,0.26,5.8,extended_v1
,15900,5.766,319.3,2.31e-05,12490,260505600,0.26,5.8,extended_v1
,16000,5.7781,323.1,2.30e-05,12495,262144000,0.26,5.8,extended_v1
,16100,5.7611,317.7,2.30e-05,12479,263782400,0.26,5.9,extended_v1
,16200,5.8019,330.9,2.29e-05,12484,265420800,0.27,5.9,extended_v1
,16300,5.7835,324.9,2.28e-05,12488,267059200,0.27,5.9,extended_v1
,16400,5.7424,311.8,2.27e-05,12492,268697600,0.27,6.0,extended_v1
,16500,5.7526,315.0,2.26e-05,12497,270336000,0.27,6.0,extended_v1
,16600,5.7865,325.9,2.26e-05,12482,271974400,0.27,6.1,extended_v1
,16700,5.7582,316.8,2.25e-05,12486,273612800,0.27,6.1,extended_v1
,16800,5.7447,312.5,2.24e-05,12490,275251200,0.28,6.1,extended_v1
,16900,5.7519,314.8,2.23e-05,12495,276889600,0.28,6.2,extended_v1
,17000,5.7371,310.2,2.22e-05,12499,278528000,0.28,6.2,extended_v1
,17100,5.7303,308.1,2.21e-05,12484,280166400,0.28,6.2,extended_v1
,17200,5.6926,296.7,2.21e-05,12489,281804800,0.28,6.3,extended_v1
,17300,5.7063,300.8,2.20e-05,12493,283443200,0.28,6.3,extended_v1
,17400,5.7258,306.7,2.19e-05,12497,285081600,0.29,6.3,extended_v1
,17500,5.6649,288.6,2.18e-05,12501,286720000,0.29,6.4,extended_v1
,17600,5.6777,292.3,2.17e-05,12487,288358400,0.29,6.4,extended_v1
,17700,5.7003,299.0,2.16e-05,12491,289996800,0.29,6.4,extended_v1
,17800,5.7299,307.9,2.16e-05,12495,291635200,0.29,6.5,extended_v1
,17900,5.7308,308.2,2.15e-05,12499,293273600,0.29,6.5,extended_v1
,18000,5.695,297.4,2.14e-05,12503,294912000,0.29,6.6,extended_v1
,18100,5.7072,301.0,2.13e-05,12489,296550400,0.3,6.6,extended_v1
,18200,5.6871,295.0,2.12e-05,12493,298188800,0.3,6.6,extended_v1
,18300,5.7406,311.3,2.11e-05,12497,299827200,0.3,6.7,extended_v1
,18400,5.7367,310.0,2.10e-05,12501,301465600,0.3,6.7,extended_v1
,18500,5.6968,297.9,2.10e-05,12505,303104000,0.3,6.7,extended_v1
,18600,5.7121,302.5,2.09e-05,12491,304742400,0.3,6.8,extended_v1
,18700,5.7129,302.7,2.08e-05,12495,306380800,0.31,6.8,extended_v1
,18800,5.7514,314.6,2.07e-05,12499,308019200,0.31,6.8,extended_v1
,18900,5.7432,312.1,2.06e-05,12503,309657600,0.31,6.9,extended_v1
,19000,5.7014,299.3,2.05e-05,12506,311296000,0.31,6.9,extended_v1
,19100,5.727,307.0,2.04e-05,12494,312934400,0.31,7.0,extended_v1
,19200,5.7336,309.1,2.03e-05,12497,314572800,0.31,7.0,extended_v1
,19300,5.7289,307.6,2.03e-05,12501,316211200,0.32,7.0,extended_v1
,19400,5.7797,323.7,2.02e-05,12505,317849600,0.32,7.1,extended_v1
,19500,5.7127,302.7,2.01e-05,12508,319488000,0.32,7.1,extended_v1
,19600,5.7519,314.8,2.00e-05,12496,321126400,0.32,7.1,extended_v1
,19700,5.7331,308.9,1.99e-05,12499,322764800,0.32,7.2,extended_v1
,19800,5.6684,289.6,1.98e-05,12503,324403200,0.32,7.2,extended_v1
,19900,5.7087,301.5,1.97e-05,12506,326041600,0.33,7.2,extended_v1
,20000,5.6942,297.1,1.96e-05,12510,327680000,0.33,7.3,extended_v1
,20100,5.704,300.1,1.95e-05,12498,329318400,0.33,7.3,extended_v1
,20200,5.6743,291.3,1.95e-05,12501,330956800,0.33,7.4,extended_v1
,20300,5.667,289.2,1.94e-05,12505,332595200,0.33,7.4,extended_v1
,20400,5.6901,295.9,1.93e-05,12508,334233600,0.33,7.4,extended_v1
,20500,5.6758,291.7,1.92e-05,12511,335872000,0.34,7.5,extended_v1
,20600,5.688,295.3,1.91e-05,12499,337510400,0.34,7.5,extended_v1
,20700,5.6743,291.3,1.90e-05,12503,339148800,0.34,7.5,extended_v1
,20800,5.6542,285.5,1.89e-05,12506,340787200,0.34,7.6,extended_v1
,20900,5.6573,286.4,1.88e-05,12510,342425600,0.34,7.6,extended_v1
,21000,5.6439,282.6,1.87e-05,12513,344064000,0.34,7.6,extended_v1
,21100,5.6251,277.3,1.86e-05,12501,345702400,0.35,7.7,extended_v1
,21200,5.6055,271.9,1.85e-05,12505,347340800,0.35,7.7,extended_v1
,21300,5.6189,275.6,1.85e-05,12508,348979200,0.35,7.8,extended_v1
,21400,5.6735,291.1,1.84e-05,12511,350617600,0.35,7.8,extended_v1
,21500,5.6104,273.3,1.83e-05,12514,352256000,0.35,7.8,extended_v1
,21600,5.5992,270.2,1.82e-05,12502,353894400,0.35,7.9,extended_v1
,21700,5.6257,277.5,1.81e-05,12506,355532800,0.36,7.9,extended_v1
,21800,5.6336,279.7,1.80e-05,12509,357171200,0.36,7.9,extended_v1
,21900,5.6434,282.4,1.79e-05,12512,358809600,0.36,8.0,extended_v1
,22000,5.6151,274.5,1.78e-05,12515,360448000,0.36,8.0,extended_v1
,22100,5.6663,289.0,1.77e-05,12504,362086400,0.36,8.0,extended_v1
,22200,5.6556,285.9,1.76e-05,12507,363724800,0.36,8.1,extended_v1
,22300,5.6143,274.3,1.75e-05,12510,365363200,0.37,8.1,extended_v1
,22400,5.6176,275.2,1.74e-05,12513,367001600,0.37,8.1,extended_v1
,22500,5.6465,283.3,1.73e-05,12516,368640000,0.37,8.2,extended_v1
,22600,5.6547,285.6,1.73e-05,12505,370278400,0.37,8.2,extended_v1
,22700,5.6557,285.9,1.72e-05,12508,371916800,0.37,8.3,extended_v1
,22800,5.6515,284.7,1.71e-05,12511,373555200,0.37,8.3,extended_v1
,22900,5.6456,283.0,1.70e-05,12514,375193600,0.38,8.3,extended_v1
,23000,5.6293,278.5,1.69e-05,12517,376832000,0.38,8.4,extended_v1
,23100,5.641,281.7,1.68e-05,12506,378470400,0.38,8.4,extended_v1
,23200,5.6466,283.3,1.67e-05,12509,380108800,0.38,8.4,extended_v1
,23300,5.6448,282.8,1.66e-05,12512,381747200,0.38,8.5,extended_v1
,23400,5.6384,281.0,1.65e-05,12515,383385600,0.38,8.5,extended_v1
,23500,5.6463,283.2,1.64e-05,12517,385024000,0.39,8.5,extended_v1
,23600,5.6414,281.9,1.63e-05,12507,386662400,0.39,8.6,extended_v1
,23700,5.6314,279.1,1.62e-05,12510,388300800,0.39,8.6,extended_v1
,23800,5.6317,279.1,1.61e-05,12513,389939200,0.39,8.7,extended_v1
,23900,5.6527,285.1,1.60e-05,12516,391577600,0.39,8.7,extended_v1
,24000,5.6585,286.7,1.59e-05,12518,393216000,0.39,8.7,extended_v1
,24100,5.6241,277.0,1.58e-05,12508,394854400,0.39,8.8,extended_v1
,24200,5.6186,275.5,1.58e-05,12511,396492800,0.4,8.8,extended_v1
,24300,5.6172,275.1,1.57e-05,12514,398131200,0.4,8.8,extended_v1
,24400,5.6033,271.3,1.56e-05,12516,399769600,0.4,8.9,extended_v1
,24500,5.6323,279.3,1.55e-05,12519,401408000,0.4,8.9,extended_v1
,24600,5.5985,270.0,1.54e-05,12509,403046400,0.4,9.0,extended_v1
,24700,5.6123,273.8,1.53e-05,12512,404684800,0.4,9.0,extended_v1
,24800,5.6115,273.6,1.52e-05,12514,406323200,0.41,9.0,extended_v1
,24900,5.5883,267.3,1.51e-05,12517,407961600,0.41,9.1,extended_v1
,25000,5.5941,268.8,1.50e-05,12520,409600000,0.41,9.1,extended_v1
,25100,5.5875,267.1,1.49e-05,12510,411238400,0.41,9.1,extended_v1
,25200,5.6052,271.8,1.48e-05,12513,412876800,0.41,9.2,extended_v1
,25300,5.5779,264.5,1.47e-05,12515,414515200,0.41,9.2,extended_v1
,25400,5.5717,262.9,1.46e-05,12518,416153600,0.42,9.2,extended_v1
,25500,5.5585,259.4,1.45e-05,12521,417792000,0.42,9.3,extended_v1
,25600,5.5818,265.5,1.44e-05,12511,419430400,0.42,9.3,extended_v1
,25700,5.57,262.4,1.43e-05,12514,421068800,0.42,9.3,extended_v1
,25800,5.589,267.5,1.42e-05,12516,422707200,0.42,9.4,extended_v1
,25900,5.5696,262.3,1.42e-05,12519,424345600,0.42,9.4,extended_v1
,26000,5.5699,262.4,1.41e-05,12521,425984000,0.43,9.5,extended_v1
,26100,5.5455,256.1,1.40e-05,12512,427622400,0.43,9.5,extended_v1
,26200,5.5754,263.9,1.39e-05,12514,429260800,0.43,9.5,extended_v1
,26300,5.5716,262.9,1.38e-05,12517,430899200,0.43,9.6,extended_v1
,26400,5.5745,263.6,1.37e-05,12520,432537600,0.43,9.6,extended_v1
,26500,5.6043,271.6,1.36e-05,12522,434176000,0.43,9.6,extended_v1
,26600,5.5997,270.3,1.35e-05,12512,435814400,0.44,9.7,extended_v1
,26700,5.5921,268.3,1.34e-05,12515,437452800,0.44,9.7,extended_v1
,26800,5.5527,257.9,1.33e-05,12517,439091200,0.44,9.7,extended_v1
,26900,5.5472,256.5,1.32e-05,12520,440729600,0.44,9.8,extended_v1
,27000,5.557,259.0,1.31e-05,12522,442368000,0.44,9.8,extended_v1
,27100,5.6119,273.7,1.30e-05,12513,444006400,0.44,9.9,extended_v1
,27200,5.6043,271.6,1.29e-05,12515,445644800,0.45,9.9,extended_v1
,27300,5.6056,271.9,1.28e-05,12518,447283200,0.45,9.9,extended_v1
,27400,5.5818,265.5,1.27e-05,12520,448921600,0.45,10.0,extended_v1
,27500,5.597,269.6,1.27e-05,12523,450560000,0.45,10.0,extended_v1
,27600,5.6006,270.6,1.26e-05,12513,452198400,0.45,10.0,extended_v1
,27700,5.5604,259.9,1.25e-05,12516,453836800,0.45,10.1,extended_v1
,27800,5.5866,266.8,1.24e-05,12518,455475200,0.46,10.1,extended_v1
,27900,5.5791,264.8,1.23e-05,12521,457113600,0.46,10.1,extended_v1
,28000,5.5858,266.6,1.22e-05,12523,458752000,0.46,10.2,extended_v1
,28100,5.5781,264.6,1.21e-05,12515,460390400,0.46,10.2,extended_v1
,28200,5.5777,264.5,1.20e-05,12517,462028800,0.46,10.3,extended_v1
,28300,5.6277,278.0,1.19e-05,12520,463667200,0.46,10.3,extended_v1
,28400,5.573,263.2,1.18e-05,12522,465305600,0.47,10.3,extended_v1
,28500,5.5981,269.9,1.17e-05,12525,466944000,0.47,10.4,extended_v1
,28600,5.6022,271.0,1.16e-05,12516,468582400,0.47,10.4,extended_v1
,28700,5.5779,264.5,1.15e-05,12519,470220800,0.47,10.4,extended_v1
,28800,5.5513,257.6,1.15e-05,12521,471859200,0.47,10.5,extended_v1
,28900,5.5415,255.1,1.14e-05,12524,473497600,0.47,10.5,extended_v1
,29000,5.5941,268.8,1.13e-05,12526,475136000,0.48,10.5,extended_v1
,29100,5.6048,271.7,1.12e-05,12518,476774400,0.48,10.6,extended_v1
,29200,5.6002,270.5,1.11e-05,12520,478412800,0.48,10.6,extended_v1
,29300,5.5692,262.2,1.10e-05,12522,480051200,0.48,10.6,extended_v1
,29400,5.5436,255.6,1.09e-05,12525,481689600,0.48,10.7,extended_v1
,29500,5.5499,257.2,1.08e-05,12527,483328000,0.48,10.7,extended_v1
,29600,5.5821,265.6,1.07e-05,12519,484966400,0.48,10.8,extended_v1
,29700,5.5529,258.0,1.06e-05,12521,486604800,0.49,10.8,extended_v1
,29800,5.555,258.5,1.05e-05,12524,488243200,0.49,10.8,extended_v1
,29900,5.5059,246.1,1.05e-05,12526,489881600,0.49,10.9,extended_v1
,30000,5.5428,255.4,1.04e-05,12528,491520000,0.49,10.9,extended_v1
,30100,5.5521,257.8,1.03e-05,12519,493158400,0.49,10.9,extended_v1
,30200,5.5408,254.9,1.02e-05,12520,494796800,0.49,11.0,extended_v1
,30300,5.521,249.9,1.01e-05,12522,496435200,0.5,11.0,extended_v1
,30400,5.5137,248.1,1.00e-05,12523,498073600,0.5,11.0,extended_v1
,30500,5.503,245.4,9.92e-06,12525,499712000,0.5,11.1,extended_v1
,30600,5.5302,252.2,9.83e-06,12517,501350400,0.5,11.1,extended_v1
,30700,5.4723,238.0,9.74e-06,12518,502988800,0.5,11.2,extended_v1
,30800,5.5055,246.0,9.65e-06,12520,504627200,0.5,11.2,extended_v1
,30900,5.5112,247.4,9.57e-06,12521,506265600,0.51,11.2,extended_v1
2026-02-14 12:22:27,30950,5.9963,402.0,2.94e-04,12760,510000000,0.51,0.2,training_v2
2026-02-14 12:23:31,31000,5.974,393.1,2.94e-04,12764,510000000,0.51,0.2,training_v2
2026-02-14 12:25:14,31050,5.9553,385.8,2.94e-04,12097,510000000,0.51,0.2,training_v2
2026-02-14 12:26:18,31100,5.8988,364.6,2.94e-04,12160,510000000,0.51,0.2,training_v2
2026-02-14 12:27:21,31150,5.8851,359.6,2.94e-04,12215,510000000,0.51,0.2,training_v2
2026-02-14 12:28:25,31200,5.9168,371.2,2.94e-04,12262,510000000,0.51,0.3,training_v2
2026-02-14 12:29:28,31250,5.9181,371.7,2.94e-04,12301,510000000,0.51,0.3,training_v2
2026-02-14 12:30:32,31300,5.8787,357.4,2.94e-04,12335,510000000,0.51,0.3,training_v2
2026-02-14 12:31:36,31350,5.8633,351.9,2.94e-04,12367,510000000,0.51,0.3,training_v2
2026-02-14 12:32:39,31400,5.8599,350.7,2.94e-04,12393,510000000,0.51,0.3,training_v2
2026-02-14 12:33:43,31450,5.8562,349.4,2.94e-04,12417,520000000,0.52,0.3,training_v2
2026-02-14 12:34:47,31500,5.83,340.3,2.94e-04,12439,520000000,0.52,0.4,training_v2
2026-02-14 12:35:54,31550,5.8321,341.1,2.94e-04,12424,520000000,0.52,0.4,training_v2
2026-02-14 12:36:58,31600,5.8476,346.4,2.93e-04,12439,520000000,0.52,0.4,training_v2
2026-02-14 12:38:03,31650,5.7975,329.5,2.93e-04,12453,520000000,0.52,0.4,training_v2
2026-02-14 12:39:07,31700,5.7749,322.1,2.93e-04,12464,520000000,0.52,0.4,training_v2
2026-02-14 12:40:11,31750,5.7682,320.0,2.93e-04,12474,520000000,0.52,0.5,training_v2
2026-02-14 12:41:15,31800,5.6651,288.6,2.93e-04,12487,520000000,0.52,0.5,training_v2
2026-02-14 12:42:20,31850,5.6627,287.9,2.93e-04,12494,520000000,0.52,0.5,training_v2
2026-02-14 12:43:23,31900,5.7756,322.3,2.93e-04,12507,520000000,0.52,0.5,training_v2
2026-02-14 12:44:28,31950,5.7683,320.0,2.93e-04,12514,520000000,0.52,0.5,training_v2
2026-02-14 12:45:32,32000,5.7094,301.7,2.93e-04,12525,520000000,0.52,0.5,training_v2
2026-02-14 12:47:15,32050,5.6949,297.4,2.93e-04,12295,530000000,0.53,0.6,training_v2
2026-02-14 12:48:18,32100,5.6794,292.8,2.93e-04,12314,530000000,0.53,0.6,training_v2
2026-02-14 12:49:22,32150,5.7047,300.3,2.93e-04,12331,530000000,0.53,0.6,training_v2
2026-02-14 12:50:25,32200,5.752,314.8,2.93e-04,12346,530000000,0.53,0.6,training_v2
2026-02-14 12:51:29,32250,5.7469,313.2,2.93e-04,12361,530000000,0.53,0.6,training_v2
2026-02-14 12:52:33,32300,5.7395,310.9,2.93e-04,12375,530000000,0.53,0.7,training_v2
2026-02-14 12:53:36,32350,5.7494,314.0,2.93e-04,12387,530000000,0.53,0.7,training_v2
2026-02-14 12:54:40,32400,5.7186,304.5,2.93e-04,12400,530000000,0.53,0.7,training_v2
2026-02-14 12:55:44,32450,5.6714,290.4,2.93e-04,12411,530000000,0.53,0.7,training_v2
2026-02-14 12:56:47,32500,5.7045,300.2,2.93e-04,12422,530000000,0.53,0.7,training_v2
2026-02-14 12:57:55,32550,5.7515,314.7,2.93e-04,12414,530000000,0.53,0.8,training_v2
2026-02-14 12:58:59,32600,5.7405,311.2,2.93e-04,12425,530000000,0.53,0.8,training_v2
2026-02-14 13:00:02,32650,5.7021,299.5,2.93e-04,12435,530000000,0.53,0.8,training_v2
2026-02-14 13:01:06,32700,5.6893,295.7,2.93e-04,12444,540000000,0.54,0.8,training_v2
2026-02-14 13:02:10,32750,5.6808,293.2,2.93e-04,12453,540000000,0.54,0.8,training_v2
2026-02-14 13:03:13,32800,5.6647,288.5,2.93e-04,12461,540000000,0.54,0.8,training_v2
2026-02-14 13:04:17,32850,5.6819,293.5,2.93e-04,12469,540000000,0.54,0.9,training_v2
2026-02-14 13:05:21,32900,5.6929,296.8,2.93e-04,12476,540000000,0.54,0.9,training_v2
2026-02-14 13:06:26,32950,5.6506,284.5,2.93e-04,12479,540000000,0.54,0.9,training_v2
2026-02-14 13:07:31,33000,5.6356,280.2,2.93e-04,12484,540000000,0.54,0.9,training_v2
2026-02-14 13:09:15,33050,5.6445,282.7,2.93e-04,12341,540000000,0.54,0.9,training_v2
2026-02-14 13:10:18,33100,5.6227,276.6,2.93e-04,12351,540000000,0.54,1.0,training_v2
2026-02-14 13:11:23,33150,5.6241,277.0,2.93e-04,12357,540000000,0.54,1.0,training_v2
2026-02-14 13:12:27,33200,5.6532,285.2,2.93e-04,12365,540000000,0.54,1.0,training_v2
2026-02-14 13:13:32,33250,5.6374,280.7,2.93e-04,12369,540000000,0.54,1.0,training_v2
2026-02-14 13:14:36,33300,5.58,265.1,2.93e-04,12377,550000000,0.55,1.0,training_v2
2026-02-14 13:15:40,33350,5.5477,256.6,2.93e-04,12384,550000000,0.55,1.0,training_v2
2026-02-14 13:16:45,33400,5.5441,255.7,2.93e-04,12388,550000000,0.55,1.1,training_v2
2026-02-14 13:17:49,33450,5.5644,261.0,2.93e-04,12396,550000000,0.55,1.1,training_v2
2026-02-14 13:18:52,33500,5.5677,261.8,2.93e-04,12403,550000000,0.55,1.1,training_v2
2026-02-14 13:20:00,33550,5.544,255.7,2.93e-04,12398,550000000,0.55,1.1,training_v2
2026-02-14 13:21:05,33600,5.5156,248.5,2.93e-04,12402,550000000,0.55,1.1,training_v2
2026-02-14 13:22:09,33650,5.4962,243.8,2.93e-04,12408,550000000,0.55,1.2,training_v2
2026-02-14 13:23:14,33700,5.5426,255.3,2.93e-04,12412,550000000,0.55,1.2,training_v2
2026-02-14 13:24:18,33750,5.5797,265.0,2.93e-04,12417,550000000,0.55,1.2,training_v2
2026-02-14 13:25:22,33800,5.5808,265.3,2.92e-04,12422,550000000,0.55,1.2,training_v2
2026-02-14 13:26:26,33850,5.6047,271.7,2.92e-04,12427,550000000,0.55,1.2,training_v2
2026-02-14 13:27:31,33900,5.6146,274.4,2.92e-04,12430,560000000,0.56,1.2,training_v2
2026-02-14 13:28:36,33950,5.5879,267.2,2.92e-04,12433,560000000,0.56,1.3,training_v2
2026-02-14 13:29:42,34000,5.5609,260.0,2.92e-04,12433,560000000,0.56,1.3,training_v2
2026-02-14T13:33:43.891731,34050,5.523102,250.41,2.923675e-04,11579,557875200,0.5579,0.0193,
2026-02-14T13:34:48.778058,34100,5.528347,251.73,2.923439e-04,12085,558694400,0.5587,0.0373,
2026-02-14T13:35:53.800226,34150,5.529904,252.12,2.923203e-04,12253,559513600,0.5595,0.0553,
2026-02-14T13:38:39.724933,34200,5.091297,162.60,2.922966e-04,11462,560332800,0.5603,0.0151,training_v2
2026-02-14T13:39:43.964510,34250,5.098425,163.76,2.922729e-04,12161,561152000,0.5612,0.0329,training_v2
2026-02-14T13:40:47.206549,34300,5.098780,163.82,2.922492e-04,12437,561971200,0.5620,0.0505,training_v2
2026-02-14T13:41:50.594777,34350,5.181473,177.94,2.922254e-04,12563,562790400,0.5628,0.0681,training_v2
2026-02-14T13:42:54.284171,34400,5.381587,217.37,2.922016e-04,12625,563609600,0.5636,0.0858,training_v2
2026-02-14T13:43:57.557616,34450,5.471639,237.85,2.921777e-04,12679,564428800,0.5644,0.1034,training_v2
2026-02-14T13:45:01.045650,34500,5.475733,238.83,2.921538e-04,12712,565248000,0.5652,0.1210,training_v2
2026-02-14T13:46:09.738212,34550,5.489401,242.11,2.921299e-04,12605,566067200,0.5661,0.1401,training_v2
2026-02-14T13:47:13.199168,34600,5.517068,248.90,2.921059e-04,12639,566886400,0.5669,0.1577,training_v2
2026-02-14T13:48:16.777318,34650,5.544097,255.72,2.920819e-04,12664,567705600,0.5677,0.1754,training_v2
2026-02-14T13:49:20.287376,34700,5.520141,249.67,2.920579e-04,12685,568524800,0.5685,0.1930,training_v2
2026-02-14T13:50:23.920389,34750,5.478893,239.58,2.920338e-04,12701,569344000,0.5693,0.2107,training_v2
2026-02-14T13:51:27.641991,34800,5.451957,233.21,2.920097e-04,12713,570163200,0.5702,0.2284,training_v2
2026-02-14T13:52:31.390782,34850,5.485116,241.08,2.919856e-04,12723,570982400,0.5710,0.2461,training_v2
2026-02-14T13:53:34.954478,34900,5.527783,251.59,2.919614e-04,12734,571801600,0.5718,0.2638,training_v2
2026-02-14T13:54:38.668951,34950,5.489030,242.02,2.919372e-04,12742,572620800,0.5726,0.2815,training_v2
2026-02-14T13:55:42.426099,35000,5.447093,232.08,2.919130e-04,12748,573440000,0.5734,0.2992,training_v2
2026-02-14T13:57:23.995382,35050,5.456497,234.28,2.918887e-04,12344,574259200,0.5743,0.3274,training_v2
2026-02-14T13:58:27.528265,35100,5.464505,236.16,2.918644e-04,12373,575078400,0.5751,0.3450,training_v2
2026-02-14T13:59:31.360441,35150,5.446816,232.02,2.918401e-04,12395,575897600,0.5759,0.3628,training_v2
2026-02-14T14:00:34.999152,35200,5.454576,233.83,2.918157e-04,12417,576716800,0.5767,0.3804,training_v2
2026-02-14T14:01:38.703427,35250,5.487330,241.61,2.917913e-04,12437,577536000,0.5775,0.3981,training_v2
2026-02-14T14:02:42.391208,35300,5.420385,225.97,2.917668e-04,12455,578355200,0.5784,0.4158,training_v2
2026-02-14T14:03:46.156449,35350,5.389491,219.09,2.917423e-04,12471,579174400,0.5792,0.4335,training_v2
2026-02-14T14:04:49.854128,35400,5.402104,221.87,2.917178e-04,12486,579993600,0.5800,0.4512,training_v2
2026-02-14T14:05:53.725826,35450,5.347510,210.08,2.916932e-04,12499,580812800,0.5808,0.4690,training_v2
2026-02-14T14:06:57.801953,35500,5.294418,199.22,2.916686e-04,12510,581632000,0.5816,0.4868,training_v2
2026-02-14T14:08:05.243304,35550,5.337774,208.05,2.916440e-04,12496,582451200,0.5825,0.5055,training_v2
2026-02-14T14:09:09.027821,35600,5.402180,221.89,2.916193e-04,12508,583270400,0.5833,0.5232,training_v2
2026-02-14T14:10:12.810277,35650,5.381623,217.37,2.915946e-04,12519,584089600,0.5841,0.5409,training_v2
2026-02-14T14:11:16.642291,35700,5.346662,209.91,2.915699e-04,12529,584908800,0.5849,0.5587,training_v2
2026-02-14T14:12:20.619752,35750,5.316086,203.59,2.915451e-04,12537,585728000,0.5857,0.5764,training_v2
2026-02-14T14:13:24.448452,35800,5.330570,206.56,2.915203e-04,12546,586547200,0.5865,0.5942,training_v2
2026-02-14T14:14:28.298935,35850,5.393617,220.00,2.914955e-04,12554,587366400,0.5874,0.6119,training_v2
2026-02-14T14:15:32.096349,35900,5.422186,226.37,2.914706e-04,12563,588185600,0.5882,0.6296,training_v2
2026-02-14T14:16:35.908764,35950,5.402896,222.05,2.914457e-04,12570,589004800,0.5890,0.6474,training_v2
2026-02-14T14:17:39.710010,36000,5.397993,220.96,2.914208e-04,12577,589824000,0.5898,0.6651,training_v2
2026-02-14T14:19:21.618655,36050,5.379687,216.95,2.913958e-04,12392,590643200,0.5906,0.6934,training_v2
2026-02-14T14:20:25.083570,36100,5.333035,207.07,2.913708e-04,12405,591462400,0.5915,0.7110,training_v2
2026-02-14T14:21:28.726495,36150,5.364983,213.79,2.913457e-04,12416,592281600,0.5923,0.7287,training_v2
2026-02-14T14:22:32.534439,36200,5.398828,221.15,2.913206e-04,12426,593100800,0.5931,0.7464,training_v2
2026-02-14T14:23:36.253007,36250,5.411595,223.99,2.912955e-04,12436,593920000,0.5939,0.7641,training_v2
2026-02-14T14:24:39.925476,36300,5.394047,220.09,2.912703e-04,12446,594739200,0.5947,0.7818,training_v2
2026-02-14T14:25:43.682183,36350,5.352502,211.14,2.912452e-04,12455,595558400,0.5956,0.7995,training_v2
2026-02-14T14:26:47.476909,36400,5.371879,215.27,2.912199e-04,12463,596377600,0.5964,0.8172,training_v2
2026-02-14T14:27:51.260459,36450,5.358872,212.49,2.911947e-04,12471,597196800,0.5972,0.8350,training_v2
2026-02-14T14:28:55.056504,36500,5.350000,210.61,2.911694e-04,12479,598016000,0.5980,0.8527,training_v2
2026-02-14T14:30:02.437199,36550,5.385074,218.13,2.911440e-04,12472,598835200,0.5988,0.8714,training_v2
2026-02-14T14:31:06.117869,36600,5.358995,212.51,2.911187e-04,12480,599654400,0.5997,0.8891,training_v2
2026-02-14T14:32:09.928464,36650,5.332152,206.88,2.910933e-04,12487,600473600,0.6005,0.9068,training_v2
2026-02-14T14:33:13.798328,36700,5.342634,209.06,2.910678e-04,12493,601292800,0.6013,0.9246,training_v2
2026-02-14T14:34:17.756868,36750,5.326292,205.67,2.910424e-04,12499,602112000,0.6021,0.9423,training_v2
2026-02-14T14:35:21.847835,36800,5.315538,203.47,2.910169e-04,12504,602931200,0.6029,0.9601,training_v2
2026-02-14T14:36:25.936421,36850,5.342721,209.08,2.909913e-04,12510,603750400,0.6038,0.9779,training_v2
2026-02-14T14:37:29.923793,36900,5.351290,210.88,2.909657e-04,12515,604569600,0.6046,0.9957,training_v2
2026-02-14T14:38:33.951208,36950,5.313669,203.09,2.909401e-04,12520,605388800,0.6054,1.0135,training_v2
2026-02-14T14:39:37.983940,37000,5.261345,192.74,2.909145e-04,12524,606208000,0.6062,1.0313,training_v2
2026-02-14T14:41:20.213587,37050,5.251395,190.83,2.908888e-04,12404,607027200,0.6070,1.0597,training_v2
2026-02-14T14:42:23.838253,37100,5.286221,197.60,2.908631e-04,12411,607846400,0.6078,1.0773,training_v2
2026-02-14T14:43:27.667743,37150,5.287272,197.80,2.908373e-04,12418,608665600,0.6087,1.0951,training_v2
2026-02-14T14:44:31.422884,37200,5.256503,191.81,2.908115e-04,12425,609484800,0.6095,1.1128,training_v2
2026-02-14T14:45:35.346272,37250,5.224536,185.77,2.907857e-04,12431,610304000,0.6103,1.1305,training_v2
2026-02-14T14:46:39.239920,37300,5.221625,185.23,2.907599e-04,12437,611123200,0.6111,1.1483,training_v2
2026-02-14T14:47:43.086162,37350,5.246328,189.87,2.907340e-04,12443,611942400,0.6119,1.1660,training_v2
2026-02-14T14:48:47.031713,37400,5.265336,193.51,2.907081e-04,12449,612761600,0.6128,1.1838,training_v2
2026-02-14T14:49:50.920585,37450,5.281486,196.66,2.906821e-04,12454,613580800,0.6136,1.2015,training_v2
2026-02-14T14:50:54.773554,37500,5.302547,200.85,2.906561e-04,12460,614400000,0.6144,1.2193,training_v2
2026-02-14T14:52:02.419630,37550,5.335739,207.63,2.906301e-04,12454,615219200,0.6152,1.2381,training_v2
2026-02-14T14:53:06.346125,37600,5.346165,209.80,2.906040e-04,12459,616038400,0.6160,1.2558,training_v2
2026-02-14T14:54:10.311376,37650,5.304342,201.21,2.905779e-04,12464,616857600,0.6169,1.2736,training_v2
2026-02-14T14:55:14.140333,37700,5.346282,209.83,2.905518e-04,12469,617676800,0.6177,1.2913,training_v2
2026-02-14T14:56:18.089373,37750,5.407063,222.98,2.905256e-04,12474,618496000,0.6185,1.3091,training_v2
2026-02-14T14:57:22.119525,37800,5.375373,216.02,2.904994e-04,12478,619315200,0.6193,1.3269,training_v2
2026-02-14T14:58:26.087165,37850,5.351970,211.02,2.904731e-04,12483,620134400,0.6201,1.3446,training_v2
2026-02-14T14:59:29.999797,37900,5.371443,215.17,2.904469e-04,12487,620953600,0.6210,1.3624,training_v2
2026-02-14T15:00:34.060355,37950,5.393122,219.89,2.904206e-04,12491,621772800,0.6218,1.3802,training_v2
2026-02-14T15:01:37.852458,38000,5.385071,218.13,2.903942e-04,12495,622592000,0.6226,1.3979,training_v2
2026-02-14T15:03:20.830203,38050,5.427194,227.51,2.903678e-04,12404,623411200,0.6234,1.4265,training_v2
2026-02-14T15:04:24.473393,38100,5.425451,227.11,2.903414e-04,12410,624230400,0.6242,1.4442,training_v2
2026-02-14T15:05:28.178783,38150,5.380088,217.04,2.903150e-04,12415,625049600,0.6250,1.4619,training_v2
2026-02-14T15:06:32.019748,38200,5.395021,220.31,2.902885e-04,12420,625868800,0.6259,1.4796,training_v2
2026-02-14T15:07:36.348646,38250,5.360775,212.89,2.902620e-04,12424,626688000,0.6267,1.4975,training_v2
2026-02-14T15:08:40.073931,38300,5.333401,207.14,2.902354e-04,12429,627507200,0.6275,1.5152,training_v2
2026-02-14T15:09:44.475883,38350,5.360408,212.81,2.902088e-04,12433,628326400,0.6283,1.5331,training_v2
2026-02-14T15:10:49.000477,38400,5.376727,216.31,2.901822e-04,12436,629145600,0.6291,1.5510,training_v2
2026-02-14T15:11:53.824454,38450,5.385106,218.13,2.901555e-04,12438,629964800,0.6300,1.5690,training_v2
2026-02-14T15:12:58.115024,38500,5.363641,213.50,2.901288e-04,12441,630784000,0.6308,1.5869,training_v2
2026-02-14T15:14:06.030332,38550,5.314576,203.28,2.901021e-04,12437,631603200,0.6316,1.6057,training_v2
2026-02-14T15:15:10.229349,38600,5.271183,194.65,2.900754e-04,12440,632422400,0.6324,1.6236,training_v2
2026-02-14T15:16:15.364634,38650,5.231130,187.00,2.900486e-04,12442,633241600,0.6332,1.6417,training_v2
2026-02-14T15:17:19.150204,38700,5.193574,180.11,2.900217e-04,12446,634060800,0.6341,1.6594,training_v2
2026-02-14T15:18:23.263188,38750,5.263599,193.18,2.899949e-04,12450,634880000,0.6349,1.6772,training_v2
2026-02-14T15:19:27.443584,38800,5.310600,202.47,2.899680e-04,12453,635699200,0.6357,1.6950,training_v2
2026-02-14T15:20:31.561700,38850,5.252269,191.00,2.899410e-04,12456,636518400,0.6365,1.7128,training_v2
2026-02-14T15:21:36.000571,38900,5.241650,188.98,2.899141e-04,12459,637337600,0.6373,1.7307,training_v2
2026-02-14T15:22:40.431098,38950,5.311637,202.68,2.898870e-04,12462,638156800,0.6382,1.7486,training_v2
2026-02-14T15:23:46.039510,39000,5.348231,210.24,2.898600e-04,12462,638976000,0.6390,1.7668,training_v2
2026-02-14T15:25:28.222216,39050,5.329443,206.32,2.898329e-04,12392,639795200,0.6398,1.7952,training_v2
2026-02-14T15:26:31.671322,39100,5.326855,205.79,2.898058e-04,12397,640614400,0.6406,1.8129,training_v2
2026-02-14T15:27:35.244999,39150,5.355876,211.85,2.897787e-04,12401,641433600,0.6414,1.8305,training_v2
2026-02-14T15:28:38.784515,39200,5.376956,216.36,2.897515e-04,12406,642252800,0.6423,1.8482,training_v2
2026-02-14T15:29:42.452353,39250,5.327423,205.91,2.897243e-04,12410,643072000,0.6431,1.8658,training_v2
2026-02-14T15:30:46.148586,39300,5.316158,203.60,2.896970e-04,12415,643891200,0.6439,1.8835,training_v2
2026-02-14T15:31:49.766354,39350,5.347575,210.10,2.896697e-04,12419,644710400,0.6447,1.9012,training_v2
2026-02-14T15:32:53.561631,39400,5.356066,211.89,2.896424e-04,12423,645529600,0.6455,1.9189,training_v2
2026-02-14T15:33:57.289952,39450,5.332462,206.95,2.896151e-04,12427,646348800,0.6463,1.9366,training_v2
2026-02-14T15:35:00.917487,39500,5.323937,205.19,2.895877e-04,12431,647168000,0.6472,1.9543,training_v2
2026-02-14T15:36:08.403682,39550,5.321227,204.63,2.895603e-04,12428,647987200,0.6480,1.9731,training_v2
2026-02-14T15:37:12.051220,39600,5.292649,198.87,2.895328e-04,12432,648806400,0.6488,1.9907,training_v2
2026-02-14T15:38:15.724556,39650,5.341793,208.89,2.895053e-04,12436,649625600,0.6496,2.0084,training_v2
2026-02-14T15:39:19.760326,39700,5.333463,207.15,2.894778e-04,12439,650444800,0.6504,2.0262,training_v2
2026-02-14T15:40:23.378291,39750,5.270171,194.45,2.894502e-04,12443,651264000,0.6513,2.0439,training_v2
2026-02-14T15:41:27.114550,39800,5.295190,199.38,2.894226e-04,12446,652083200,0.6521,2.0616,training_v2
2026-02-14T15:42:30.776594,39850,5.321513,204.69,2.893950e-04,12450,652902400,0.6529,2.0793,training_v2
2026-02-14T15:43:34.455813,39900,5.309369,202.22,2.893674e-04,12453,653721600,0.6537,2.0970,training_v2
2026-02-14T15:44:38.131723,39950,5.283861,197.13,2.893397e-04,12457,654540800,0.6545,2.1146,training_v2
2026-02-14T15:45:41.793452,40000,5.265124,193.47,2.893119e-04,12460,655360000,0.6554,2.1323,training_v2
2026-02-14T15:47:23.877720,40050,5.259845,192.45,2.892842e-04,12402,656179200,0.6562,2.1607,training_v2
2026-02-14T15:48:27.302123,40100,5.247124,190.02,2.892564e-04,12406,656998400,0.6570,2.1783,training_v2
2026-02-14T15:49:30.744009,40150,5.235295,187.78,2.892285e-04,12410,657817600,0.6578,2.1959,training_v2
2026-02-14T15:50:34.312198,40200,5.246262,189.86,2.892006e-04,12414,658636800,0.6586,2.2136,training_v2
2026-02-14T15:51:37.996984,40250,5.240625,188.79,2.891727e-04,12418,659456000,0.6595,2.2313,training_v2
2026-02-14T15:52:41.715706,40300,5.205747,182.32,2.891448e-04,12421,660275200,0.6603,2.2490,training_v2
2026-02-14T15:53:45.660415,40350,5.192118,179.85,2.891168e-04,12424,661094400,0.6611,2.2667,training_v2
2026-02-14T15:54:49.635786,40400,5.166963,175.38,2.890888e-04,12427,661913600,0.6619,2.2845,training_v2
2026-02-14T15:55:53.594238,40450,5.224195,185.71,2.890608e-04,12430,662732800,0.6627,2.3023,training_v2
2026-02-14T15:56:57.753581,40500,5.321994,204.79,2.890327e-04,12433,663552000,0.6636,2.3201,training_v2
2026-02-14T15:58:05.637524,40550,5.368138,214.46,2.890046e-04,12430,664371200,0.6644,2.3390,training_v2
2026-02-14T15:59:09.707994,40600,5.333563,207.17,2.889764e-04,12432,665190400,0.6652,2.3568,training_v2
2026-02-14T16:00:13.879145,40650,5.315410,203.45,2.889483e-04,12435,666009600,0.6660,2.3746,training_v2
2026-02-14T16:01:18.115050,40700,5.340479,208.61,2.889200e-04,12437,666828800,0.6668,2.3924,training_v2
2026-02-14T16:02:22.347924,40750,5.314481,203.26,2.888918e-04,12440,667648000,0.6676,2.4103,training_v2
2026-02-14T16:03:26.679301,40800,5.309793,202.31,2.888635e-04,12442,668467200,0.6685,2.4281,training_v2
2026-02-14T16:04:31.040703,40850,5.290053,198.35,2.888352e-04,12444,669286400,0.6693,2.4460,training_v2
2026-02-14T16:05:35.298538,40900,5.293222,198.98,2.888068e-04,12446,670105600,0.6701,2.4639,training_v2
2026-02-14T16:06:39.743147,40950,5.304147,201.17,2.887784e-04,12448,670924800,0.6709,2.4818,training_v2
2026-02-14T16:07:44.084901,41000,5.364895,213.77,2.887500e-04,12450,671744000,0.6717,2.4996,training_v2
2026-02-14T16:09:26.324370,41050,5.363117,213.39,2.887216e-04,12400,672563200,0.6726,2.5280,training_v2
2026-02-14T16:10:31.600198,41100,5.359819,212.69,2.886931e-04,12401,673382400,0.6734,2.5462,training_v2
2026-02-14T16:11:36.525695,41150,5.344224,209.40,2.886645e-04,12403,674201600,0.6742,2.5642,training_v2
2026-02-14T16:12:41.160047,41200,5.282242,196.81,2.886360e-04,12405,675020800,0.6750,2.5822,training_v2
2026-02-14T16:13:46.006743,41250,5.248852,190.35,2.886074e-04,12406,675840000,0.6758,2.6002,training_v2
2026-02-14T16:14:51.265790,41300,5.229008,186.61,2.885788e-04,12407,676659200,0.6767,2.6183,training_v2
2026-02-14T16:15:56.180398,41350,5.239896,188.65,2.885501e-04,12409,677478400,0.6775,2.6363,training_v2
2026-02-14T16:17:01.784471,41400,5.258525,192.20,2.885214e-04,12409,678297600,0.6783,2.6545,training_v2
2026-02-14T16:18:07.029356,41450,5.256977,191.90,2.884927e-04,12410,679116800,0.6791,2.6727,training_v2
2026-02-14T16:19:12.604147,41500,5.222485,185.39,2.884639e-04,12411,679936000,0.6799,2.6909,training_v2
2026-02-14T16:20:20.941330,41550,5.285720,197.50,2.884351e-04,12408,680755200,0.6808,2.7099,training_v2
2026-02-14T16:21:26.832924,41600,5.272223,194.85,2.884063e-04,12408,681574400,0.6816,2.7282,training_v2
2026-02-14T16:22:32.729036,41650,5.192447,179.91,2.883774e-04,12408,682393600,0.6824,2.7465,training_v2
2026-02-14T16:23:38.654126,41700,5.151246,172.65,2.883485e-04,12408,683212800,0.6832,2.7648,training_v2
2026-02-14T16:24:44.698890,41750,5.157923,173.80,2.883196e-04,12408,684032000,0.6840,2.7831,training_v2
2026-02-14T16:25:50.841788,41800,5.184438,178.47,2.882906e-04,12408,684851200,0.6849,2.8015,training_v2
2026-02-14T16:26:56.087053,41850,5.193721,180.14,2.882616e-04,12409,685670400,0.6857,2.8196,training_v2
2026-02-14T16:28:00.787010,41900,5.159082,174.00,2.882325e-04,12411,686489600,0.6865,2.8376,training_v2
2026-02-14T16:29:05.486337,41950,5.130777,169.15,2.882035e-04,12412,687308800,0.6873,2.8556,training_v2
2026-02-14T16:30:10.680698,42000,5.213619,183.76,2.881744e-04,12413,688128000,0.6881,2.8737,training_v2
2026-02-14T16:31:52.910118,42050,5.283954,197.15,2.881452e-04,12370,688947200,0.6889,2.9021,training_v2
2026-02-14T16:32:56.621166,42100,5.281560,196.68,2.881160e-04,12373,689766400,0.6898,2.9198,training_v2
2026-02-14T16:34:00.532112,42150,5.278133,196.00,2.880868e-04,12376,690585600,0.6906,2.9375,training_v2
2026-02-14T16:35:04.353110,42200,5.288320,198.01,2.880576e-04,12379,691404800,0.6914,2.9553,training_v2
2026-02-14T16:36:08.101617,42250,5.246890,189.97,2.880283e-04,12381,692224000,0.6922,2.9730,training_v2
2026-02-14T16:37:11.672297,42300,5.214589,183.94,2.879990e-04,12384,693043200,0.6930,2.9906,training_v2
2026-02-14T16:38:15.372410,42350,5.229810,186.76,2.879697e-04,12387,693862400,0.6939,3.0083,training_v2
2026-02-14T16:39:19.821175,42400,5.262447,192.95,2.879403e-04,12389,694681600,0.6947,3.0262,training_v2
2026-02-14T16:40:25.035680,42450,5.260740,192.62,2.879109e-04,12390,695500800,0.6955,3.0443,training_v2
2026-02-14T16:41:29.826749,42500,5.243448,189.32,2.878814e-04,12392,696320000,0.6963,3.0623,training_v2
2026-02-14T16:42:39.609186,42550,5.257211,191.95,2.878519e-04,12387,697139200,0.6971,3.0817,training_v2
2026-02-14T16:43:44.863060,42600,5.280319,196.43,2.878224e-04,12388,697958400,0.6980,3.0998,training_v2
2026-02-14T16:44:48.694409,42650,5.274868,195.36,2.877928e-04,12391,698777600,0.6988,3.1176,training_v2
2026-02-14T16:45:52.825652,42700,5.287025,197.75,2.877633e-04,12393,699596800,0.6996,3.1354,training_v2
2026-02-14T16:46:56.437656,42750,5.270966,194.60,2.877336e-04,12396,700416000,0.7004,3.1531,training_v2
2026-02-14T16:48:00.237995,42800,5.231677,187.11,2.877040e-04,12398,701235200,0.7012,3.1708,training_v2
2026-02-14T16:49:03.838900,42850,5.222910,185.47,2.876743e-04,12401,702054400,0.7021,3.1885,training_v2
2026-02-14T16:50:07.308909,42900,5.215533,184.11,2.876446e-04,12404,702873600,0.7029,3.2061,training_v2
2026-02-14T16:51:10.867697,42950,5.208827,182.88,2.876148e-04,12406,703692800,0.7037,3.2237,training_v2
2026-02-14T16:52:14.267088,43000,5.232608,187.28,2.875850e-04,12409,704512000,0.7045,3.2413,training_v2
2026-02-14T16:53:55.779076,43050,5.240188,188.71,2.875552e-04,12372,705331200,0.7053,3.2695,training_v2
2026-02-14T16:54:58.919005,43100,5.195806,180.51,2.875253e-04,12375,706150400,0.7062,3.2871,training_v2
2026-02-14T16:56:02.140497,43150,5.188025,179.11,2.874954e-04,12378,706969600,0.7070,3.3046,training_v2
2026-02-14T16:57:05.296411,43200,5.185117,178.59,2.874655e-04,12381,707788800,0.7078,3.3222,training_v2
2026-02-14T16:58:08.622844,43250,5.149068,172.27,2.874356e-04,12384,708608000,0.7086,3.3398,training_v2
2026-02-14T16:59:11.809366,43300,5.127465,168.59,2.874056e-04,12387,709427200,0.7094,3.3573,training_v2
2026-02-14T17:00:14.991731,43350,5.125137,168.20,2.873755e-04,12390,710246400,0.7102,3.3749,training_v2
2026-02-14T17:01:18.194755,43400,5.119274,167.21,2.873455e-04,12393,711065600,0.7111,3.3924,training_v2
2026-02-14T17:02:21.436934,43450,5.141002,170.89,2.873154e-04,12396,711884800,0.7119,3.4100,training_v2
2026-02-14T17:03:24.554845,43500,5.196714,180.68,2.872852e-04,12399,712704000,0.7127,3.4275,training_v2
2026-02-14T17:04:31.499119,43550,5.230316,186.85,2.872551e-04,12398,713523200,0.7135,3.4461,training_v2
2026-02-14T17:05:34.598166,43600,5.254922,191.51,2.872249e-04,12401,714342400,0.7143,3.4637,training_v2
2026-02-14T17:06:37.626679,43650,5.267662,193.96,2.871946e-04,12404,715161600,0.7152,3.4812,training_v2
2026-02-14T17:07:40.720942,43700,5.206685,182.49,2.871644e-04,12407,715980800,0.7160,3.4987,training_v2
2026-02-14T17:08:43.869733,43750,5.199090,181.11,2.871341e-04,12410,716800000,0.7168,3.5162,training_v2
2026-02-14T17:09:46.927472,43800,5.246588,189.92,2.871037e-04,12413,717619200,0.7176,3.5338,training_v2
2026-02-14T17:10:50.187736,43850,5.237636,188.22,2.870734e-04,12415,718438400,0.7184,3.5513,training_v2
2026-02-14T17:11:53.350275,43900,5.225056,185.87,2.870430e-04,12418,719257600,0.7193,3.5689,training_v2
2026-02-14T17:12:56.393774,43950,5.237343,188.17,2.870125e-04,12421,720076800,0.7201,3.5864,training_v2
2026-02-14T17:13:59.513851,44000,5.233508,187.45,2.869821e-04,12424,720896000,0.7209,3.6039,training_v2
2026-02-14T17:15:41.058374,44050,5.191558,179.75,2.869516e-04,12390,721715200,0.7217,3.6321,training_v2
2026-02-14T17:16:43.904623,44100,5.172675,176.39,2.869210e-04,12393,722534400,0.7225,3.6496,training_v2
2026-02-14T17:17:46.789839,44150,5.176814,177.12,2.868904e-04,12396,723353600,0.7234,3.6671,training_v2
2026-02-14T17:18:49.783852,44200,5.184589,178.50,2.868598e-04,12399,724172800,0.7242,3.6845,training_v2
2026-02-14T17:19:52.854268,44250,5.236230,187.96,2.868292e-04,12402,724992000,0.7250,3.7021,training_v2
2026-02-14T17:20:55.865614,44300,5.239863,188.64,2.867985e-04,12404,725811200,0.7258,3.7196,training_v2
2026-02-14T17:21:59.007558,44350,5.213105,183.66,2.867678e-04,12407,726630400,0.7266,3.7371,training_v2
2026-02-14T17:23:02.043320,44400,5.194941,180.36,2.867371e-04,12410,727449600,0.7274,3.7546,training_v2
2026-02-14T17:24:05.024476,44450,5.190036,179.48,2.867063e-04,12413,728268800,0.7283,3.7721,training_v2
2026-02-14T17:25:08.045109,44500,5.215066,184.02,2.866755e-04,12415,729088000,0.7291,3.7896,training_v2
2026-02-14T17:26:14.831681,44550,5.196269,180.60,2.866446e-04,12415,729907200,0.7299,3.8082,training_v2
2026-02-14T17:27:17.917680,44600,5.174989,176.79,2.866138e-04,12417,730726400,0.7307,3.8257,training_v2
2026-02-14T17:28:20.956076,44650,5.160391,174.23,2.865829e-04,12420,731545600,0.7315,3.8432,training_v2
2026-02-14T17:29:23.984543,44700,5.132439,169.43,2.865519e-04,12422,732364800,0.7324,3.8607,training_v2
2026-02-14T17:30:26.891391,44750,5.103862,164.66,2.865209e-04,12425,733184000,0.7332,3.8782,training_v2
2026-02-14T17:31:29.951591,44800,5.105607,164.94,2.864899e-04,12428,734003200,0.7340,3.8957,training_v2
2026-02-14T17:32:32.886918,44850,5.145885,171.72,2.864589e-04,12430,734822400,0.7348,3.9132,training_v2
2026-02-14T17:33:35.800048,44900,5.188521,179.20,2.864278e-04,12433,735641600,0.7356,3.9307,training_v2
2026-02-14T17:34:38.780076,44950,5.166064,175.22,2.863967e-04,12436,736460800,0.7365,3.9482,training_v2
2026-02-14T17:35:41.810228,45000,5.145333,171.63,2.863655e-04,12438,737280000,0.7373,3.9657,training_v2
2026-02-14T17:37:22.973595,45050,5.174151,176.65,2.863344e-04,12407,738099200,0.7381,3.9938,training_v2
2026-02-14T17:38:25.656252,45100,5.240566,188.78,2.863031e-04,12410,738918400,0.7389,4.0112,training_v2
2026-02-14T17:39:28.501991,45150,5.271415,194.69,2.862719e-04,12413,739737600,0.7397,4.0286,training_v2
2026-02-14T17:40:31.487328,45200,5.216974,184.38,2.862406e-04,12416,740556800,0.7406,4.0461,training_v2
2026-02-14T17:41:34.418779,45250,5.159829,174.13,2.862093e-04,12418,741376000,0.7414,4.0636,training_v2
2026-02-14T17:42:37.360125,45300,5.173050,176.45,2.861779e-04,12421,742195200,0.7422,4.0811,training_v2
2026-02-14T17:43:40.184460,45350,5.261156,192.70,2.861466e-04,12423,743014400,0.7430,4.0985,training_v2
2026-02-14T17:44:43.059694,45400,5.250699,190.70,2.861151e-04,12426,743833600,0.7438,4.1160,training_v2
2026-02-14T17:45:45.975540,45450,5.204204,182.04,2.860837e-04,12428,744652800,0.7447,4.1335,training_v2
2026-02-14T17:46:48.803345,45500,5.216838,184.35,2.860522e-04,12431,745472000,0.7455,4.1509,training_v2
2026-02-14T17:47:55.639279,45550,5.213834,183.80,2.860207e-04,12430,746291200,0.7463,4.1695,training_v2
2026-02-14T17:48:59.431253,45600,5.202193,181.67,2.859891e-04,12432,747110400,0.7471,4.1872,training_v2
2026-02-14T17:50:06.325579,45650,5.227545,186.33,2.859576e-04,12431,747929600,0.7479,4.2058,training_v2
2026-02-14T17:51:09.825437,45700,5.243594,189.35,2.859259e-04,12433,748748800,0.7487,4.2234,training_v2
2026-02-14T17:52:14.125667,45750,5.222478,185.39,2.858943e-04,12434,749568000,0.7496,4.2413,training_v2
2026-02-14T17:53:17.921610,45800,5.212337,183.52,2.858626e-04,12436,750387200,0.7504,4.2590,training_v2
2026-02-14T17:54:21.382656,45850,5.161787,174.48,2.858309e-04,12438,751206400,0.7512,4.2767,training_v2
2026-02-14T17:55:25.016023,45900,5.144281,171.45,2.857991e-04,12440,752025600,0.7520,4.2943,training_v2
2026-02-14T17:56:28.714160,45950,5.211166,183.31,2.857673e-04,12442,752844800,0.7528,4.3120,training_v2
2026-02-14T17:57:32.982942,46000,5.204803,182.14,2.857355e-04,12443,753664000,0.7537,4.3299,training_v2
2026-02-14T17:59:17.105406,46050,5.154007,173.12,2.857037e-04,12412,754483200,0.7545,4.3588,training_v2
2026-02-14T18:00:24.669039,46100,5.166348,175.27,2.856718e-04,12411,755302400,0.7553,4.3776,training_v2
2026-02-14T18:01:29.676592,46150,5.155260,173.34,2.856399e-04,12412,756121600,0.7561,4.3956,training_v2
2026-02-14T18:02:36.947011,46200,5.103192,164.55,2.856079e-04,12411,756940800,0.7569,4.4143,training_v2
2026-02-14T18:03:46.084894,46250,5.086624,161.84,2.855759e-04,12409,757760000,0.7578,4.4335,training_v2
2026-02-14T18:04:54.807731,46300,5.121351,167.56,2.855439e-04,12407,758579200,0.7586,4.4526,training_v2
2026-02-14T18:06:03.689750,46350,5.105756,164.97,2.855118e-04,12404,759398400,0.7594,4.4717,training_v2
2026-02-14T18:07:11.316027,46400,5.043115,154.95,2.854798e-04,12403,760217600,0.7602,4.4905,training_v2
2026-02-14T18:08:16.099966,46450,5.050722,156.14,2.854476e-04,12404,761036800,0.7610,4.5085,training_v2
2026-02-14T18:09:20.475933,46500,5.103230,164.55,2.854155e-04,12405,761856000,0.7619,4.5264,training_v2
2026-02-14T18:10:28.503027,46550,5.109910,165.66,2.853833e-04,12404,762675200,0.7627,4.5453,training_v2
2026-02-14T18:11:32.747282,46600,5.135290,169.91,2.853511e-04,12405,763494400,0.7635,4.5631,training_v2
2026-02-14T18:12:37.004876,46650,5.180660,177.80,2.853188e-04,12407,764313600,0.7643,4.5810,training_v2
2026-02-14T18:13:41.339745,46700,5.198037,180.92,2.852865e-04,12408,765132800,0.7651,4.5989,training_v2
2026-02-14T18:14:45.584258,46750,5.199278,181.14,2.852542e-04,12409,765952000,0.7660,4.6167,training_v2
2026-02-14T18:15:49.825264,46800,5.158608,173.92,2.852218e-04,12410,766771200,0.7668,4.6346,training_v2
2026-02-14T18:16:54.225690,46850,5.152220,172.81,2.851895e-04,12412,767590400,0.7676,4.6524,training_v2
2026-02-14T18:17:58.371311,46900,5.177081,177.16,2.851570e-04,12413,768409600,0.7684,4.6703,training_v2
2026-02-14T18:19:02.964015,46950,5.201556,181.55,2.851246e-04,12414,769228800,0.7692,4.6882,training_v2
2026-02-14T18:20:07.503121,47000,5.164427,174.94,2.850921e-04,12415,770048000,0.7700,4.7061,training_v2
2026-02-14T18:21:51.159563,47050,5.160526,174.26,2.850596e-04,12388,770867200,0.7709,4.7349,training_v2
2026-02-14T18:22:55.783161,47100,5.216542,184.30,2.850270e-04,12389,771686400,0.7717,4.7529,training_v2
2026-02-14T18:24:01.592637,47150,5.207347,182.61,2.849944e-04,12389,772505600,0.7725,4.7712,training_v2
2026-02-14T18:25:05.780198,47200,5.197281,180.78,2.849618e-04,12390,773324800,0.7733,4.7890,training_v2
2026-02-14T18:26:10.068587,47250,5.222939,185.48,2.849291e-04,12392,774144000,0.7741,4.8069,training_v2
2026-02-14T18:27:14.828881,47300,5.221352,185.18,2.848965e-04,12393,774963200,0.7750,4.8248,training_v2
2026-02-14T18:28:20.068155,47350,5.188190,179.14,2.848637e-04,12393,775782400,0.7758,4.8430,training_v2
2026-02-14T18:29:24.486112,47400,5.171340,176.15,2.848310e-04,12394,776601600,0.7766,4.8609,training_v2
2026-02-14T18:30:28.799010,47450,5.166984,175.39,2.847982e-04,12396,777420800,0.7774,4.8787,training_v2
2026-02-14T18:31:32.939429,47500,5.182863,178.19,2.847654e-04,12397,778240000,0.7782,4.8965,training_v2
2026-02-14T18:32:40.593134,47550,5.176080,176.99,2.847325e-04,12396,779059200,0.7791,4.9153,training_v2
2026-02-14T18:33:44.861512,47600,5.183395,178.29,2.846996e-04,12397,779878400,0.7799,4.9332,training_v2
2026-02-14T18:34:48.930945,47650,5.182612,178.15,2.846667e-04,12399,780697600,0.7807,4.9510,training_v2
2026-02-14T18:35:53.200128,47700,5.129379,168.91,2.846337e-04,12400,781516800,0.7815,4.9688,training_v2
2026-02-14T18:36:57.393252,47750,5.095561,163.30,2.846008e-04,12401,782336000,0.7823,4.9867,training_v2
2026-02-14T18:38:01.584597,47800,5.090722,162.51,2.845677e-04,12402,783155200,0.7832,5.0045,training_v2
2026-02-14T18:39:05.855277,47850,5.102556,164.44,2.845347e-04,12404,783974400,0.7840,5.0223,training_v2
2026-02-14T18:40:10.142995,47900,5.083068,161.27,2.845016e-04,12405,784793600,0.7848,5.0402,training_v2
2026-02-14T18:41:14.292097,47950,5.032110,153.26,2.844685e-04,12406,785612800,0.7856,5.0580,training_v2
2026-02-14T18:42:18.570818,48000,5.047729,155.67,2.844353e-04,12407,786432000,0.7864,5.0759,training_v2
2026-02-14T18:44:01.194898,48050,5.067287,158.74,2.844021e-04,12383,787251200,0.7873,5.1044,training_v2
2026-02-14T18:45:05.100067,48100,5.112932,166.16,2.843689e-04,12384,788070400,0.7881,5.1221,training_v2
2026-02-14T18:46:09.199062,48150,5.182903,178.20,2.843357e-04,12386,788889600,0.7889,5.1399,training_v2
2026-02-14T18:47:13.269897,48200,5.172491,176.35,2.843024e-04,12387,789708800,0.7897,5.1577,training_v2
2026-02-14T18:48:17.254361,48250,5.172733,176.40,2.842690e-04,12388,790528000,0.7905,5.1755,training_v2
2026-02-14T18:49:21.617797,48300,5.173487,176.53,2.842357e-04,12390,791347200,0.7913,5.1934,training_v2
2026-02-14T18:50:26.574956,48350,5.161301,174.39,2.842023e-04,12390,792166400,0.7922,5.2114,training_v2
2026-02-14T18:51:30.773640,48400,5.177568,177.25,2.841689e-04,12392,792985600,0.7930,5.2293,training_v2
2026-02-14T18:52:35.439588,48450,5.196720,180.68,2.841354e-04,12392,793804800,0.7938,5.2472,training_v2
2026-02-14T18:53:39.891176,48500,5.193637,180.12,2.841019e-04,12394,794624000,0.7946,5.2651,training_v2
2026-02-14T18:54:47.898933,48550,5.166233,175.25,2.840684e-04,12392,795443200,0.7954,5.2840,training_v2
2026-02-14T18:55:52.673341,48600,5.171166,176.12,2.840349e-04,12393,796262400,0.7963,5.3020,training_v2
2026-02-14T18:56:57.864009,48650,5.174363,176.68,2.840013e-04,12394,797081600,0.7971,5.3201,training_v2
2026-02-14T18:58:03.290527,48700,5.157044,173.65,2.839677e-04,12394,797900800,0.7979,5.3383,training_v2
2026-02-14T18:59:08.899639,48750,5.155115,173.32,2.839340e-04,12395,798720000,0.7987,5.3565,training_v2
2026-02-14T19:00:14.065729,48800,5.178489,177.41,2.839003e-04,12395,799539200,0.7995,5.3746,training_v2
2026-02-14T19:01:19.119928,48850,5.157616,173.75,2.838666e-04,12396,800358400,0.8004,5.3927,training_v2
2026-02-14T19:06:45.193393,48900,5.076693,160.24,2.838329e-04,5209,801177600,0.8012,0.0341,training_v2
2026-02-14T19:07:16.280673,48950,5.101810,164.32,2.837991e-04,9483,801996800,0.8020,0.0427,training_v2
2026-02-14T19:07:48.264691,49000,5.114679,166.45,2.837653e-04,12261,802816000,0.8028,0.0516,training_v2
2026-02-14T19:09:01.759319,49050,5.078810,160.58,2.837314e-04,11945,803635200,0.8036,0.0720,training_v2
2026-02-14T19:09:33.663797,49100,5.073283,159.70,2.836975e-04,13449,804454400,0.8045,0.0809,training_v2
2026-02-15T15:59:29.952137,49050,8.199381,3638.70,2.837314e-04,14763,805273600,0.8053,0.0308,training_v2
2026-02-15T16:02:37.636326,49100,8.766949,6418.56,2.836975e-04,15648,807731200,0.8077,0.0145,training_v2
2026-02-15T16:03:36.417780,49150,7.950605,2837.29,2.836636e-04,22114,810188800,0.8102,0.0309,training_v2
2026-02-15T16:07:13.177037,49200,8.691774,5953.73,2.836297e-04,13223,812646400,0.8126,0.0258,training_v2
2026-02-15T16:08:39.603110,49250,7.918892,2748.73,2.835957e-04,20554,815104000,0.8151,0.0498,training_v2
2026-02-15T16:10:07.254501,49300,7.451637,1722.68,2.835617e-04,23011,817561600,0.8176,0.0742,training_v2
2026-02-15T16:11:36.123306,49350,7.320956,1511.65,2.835276e-04,24170,820019200,0.8200,0.0989,training_v2
2026-02-15T16:13:05.640569,49400,7.195517,1333.44,2.834935e-04,24830,822476800,0.8225,0.1237,training_v2
2026-02-15T16:14:35.465436,49450,7.084759,1193.64,2.834594e-04,25255,824934400,0.8249,0.1487,training_v2
2026-02-15T16:16:05.604638,49500,7.004354,1101.42,2.834253e-04,25545,827392000,0.8274,0.1737,training_v2
2026-02-15T16:17:39.002927,49550,6.915708,1007.98,2.833911e-04,25644,829849600,0.8298,0.1997,training_v2
2026-02-15T16:19:08.732992,49600,6.838433,933.03,2.833569e-04,25838,832307200,0.8323,0.2246,training_v2
2026-02-15T16:20:38.532942,49650,6.759989,862.63,2.833227e-04,25991,834764800,0.8348,0.2495,training_v2
2026-02-15T16:22:08.344594,49700,6.673627,791.26,2.832884e-04,26116,837222400,0.8372,0.2745,training_v2
2026-02-15T16:23:38.961310,49750,6.623588,752.64,2.832541e-04,26200,839680000,0.8397,0.2996,training_v2
2026-02-15T16:25:08.524170,49800,6.591678,729.00,2.832197e-04,26295,842137600,0.8421,0.3245,training_v2
2026-02-15T16:26:38.163556,49850,6.535815,689.40,2.831853e-04,26375,844595200,0.8446,0.3494,training_v2
2026-02-15T16:28:08.812694,49900,6.479704,651.78,2.831509e-04,26425,847052800,0.8471,0.3746,training_v2
2026-02-15T16:29:37.740786,49950,6.435474,623.58,2.831165e-04,26500,849510400,0.8495,0.3993,training_v2
2026-02-15T16:31:06.297809,50000,6.393121,597.72,2.830820e-04,26572,851968000,0.8520,0.4239,training_v2
2026-02-15T16:33:10.893425,50050,6.341261,567.51,2.830475e-04,26055,854425600,0.8544,0.4585,training_v2
2026-02-15T16:34:39.331197,50100,6.305615,547.64,2.830130e-04,26143,856883200,0.8569,0.4831,training_v2
2026-02-15T16:36:07.835540,50150,6.254522,520.36,2.829784e-04,26222,859340800,0.8593,0.5077,training_v2
2026-02-15T16:37:36.404001,50200,6.194602,490.10,2.829438e-04,26293,861798400,0.8618,0.5323,training_v2
2026-02-15T16:39:04.990310,50250,6.173415,479.82,2.829091e-04,26357,864256000,0.8643,0.5569,training_v2
2026-02-15T16:40:33.700437,50300,6.184638,485.24,2.828745e-04,26414,866713600,0.8667,0.5815,training_v2
2026-02-15T16:42:02.328039,50350,6.179067,482.54,2.828398e-04,26467,869171200,0.8692,0.6061,training_v2
2026-02-15T16:43:30.937003,50400,6.150845,469.11,2.828050e-04,26517,871628800,0.8716,0.6307,training_v2
2026-02-15T16:44:59.664043,50450,6.117514,453.74,2.827703e-04,26561,874086400,0.8741,0.6554,training_v2
2026-02-15T16:46:28.850310,50500,6.105009,448.10,2.827355e-04,26597,876544000,0.8765,0.6802,training_v2
2026-02-15T16:48:00.590553,50550,6.091626,442.14,2.827006e-04,26604,879001600,0.8790,0.7057,training_v2
2026-02-15T16:49:30.880628,50600,6.055429,426.42,2.826658e-04,26625,881459200,0.8815,0.7307,training_v2
2026-02-15T16:51:01.059396,50650,6.018562,410.99,2.826309e-04,26646,883916800,0.8839,0.7558,training_v2
2026-02-15T16:52:31.152792,50700,5.951495,384.33,2.825959e-04,26666,886374400,0.8864,0.7808,training_v2
2026-02-15T16:54:01.250070,50750,5.913045,369.83,2.825610e-04,26685,888832000,0.8888,0.8058,training_v2
2026-02-15T16:55:31.427169,50800,5.946858,382.55,2.825260e-04,26703,891289600,0.8913,0.8309,training_v2
2026-02-15T16:57:01.582091,50850,5.964777,389.47,2.824909e-04,26719,893747200,0.8937,0.8559,training_v2
2026-02-15T16:58:31.696372,50900,5.937470,378.97,2.824559e-04,26735,896204800,0.8962,0.8810,training_v2
2026-02-15T17:00:02.026351,50950,5.919739,372.31,2.824208e-04,26748,898662400,0.8987,0.9060,training_v2
2026-02-15T17:01:32.228019,51000,5.915266,370.65,2.823856e-04,26761,901120000,0.9011,0.9311,training_v2
2026-02-15T17:03:39.081679,51050,5.886591,360.18,2.823505e-04,26492,903577600,0.9036,0.9663,training_v2
2026-02-15T17:05:08.815603,51100,5.856577,349.53,2.823153e-04,26514,906035200,0.9060,0.9913,training_v2
2026-02-15T17:06:38.926823,51150,5.824950,338.64,2.822801e-04,26533,908492800,0.9085,1.0163,training_v2
2026-02-15T17:08:09.155434,51200,5.786340,325.82,2.822448e-04,26550,910950400,0.9110,1.0414,training_v2
2026-02-15T17:09:39.480703,51250,5.747059,313.27,2.822095e-04,26565,913408000,0.9134,1.0665,training_v2
2026-02-15T17:11:09.853234,51300,5.764759,318.86,2.821742e-04,26580,915865600,0.9159,1.0916,training_v2
2026-02-15T17:12:40.169781,51350,5.814979,335.28,2.821388e-04,26594,918323200,0.9183,1.1166,training_v2
2026-02-15T17:14:10.514375,51400,5.800234,330.38,2.821034e-04,26607,920780800,0.9208,1.1417,training_v2
2026-02-15T17:15:40.824201,51450,5.795053,328.67,2.820680e-04,26620,923238400,0.9232,1.1668,training_v2
2026-02-15T17:17:11.127210,51500,5.824658,338.55,2.820326e-04,26633,925696000,0.9257,1.1919,training_v2
2026-02-15T17:18:42.968043,51550,5.770425,320.67,2.819971e-04,26636,928153600,0.9282,1.2174,training_v2
2026-02-15T17:20:13.248950,51600,5.684254,294.20,2.819616e-04,26647,930611200,0.9306,1.2425,training_v2
2026-02-15T17:21:43.539673,51650,5.682964,293.82,2.819260e-04,26659,933068800,0.9331,1.2676,training_v2
2026-02-15T17:23:13.773821,51700,5.643604,282.48,2.818904e-04,26670,935526400,0.9355,1.2926,training_v2
2026-02-15T17:24:43.950713,51750,5.583995,266.13,2.818548e-04,26681,937984000,0.9380,1.3177,training_v2
2026-02-15T17:26:14.066295,51800,5.601204,270.75,2.818191e-04,26692,940441600,0.9404,1.3427,training_v2
2026-02-15T17:27:44.278879,51850,5.647758,283.65,2.817835e-04,26702,942899200,0.9429,1.3678,training_v2
2026-02-15T17:29:14.424796,51900,5.639143,281.22,2.817478e-04,26712,945356800,0.9454,1.3928,training_v2
2026-02-15T17:30:44.612515,51950,5.626106,277.58,2.817120e-04,26722,947814400,0.9478,1.4179,training_v2
2026-02-15T17:32:14.761432,52000,5.641031,281.75,2.816762e-04,26731,950272000,0.9503,1.4429,training_v2
2026-02-15T17:34:21.549020,52050,5.634823,280.01,2.816404e-04,26556,952729600,0.9527,1.4781,training_v2
2026-02-15T17:35:51.319850,52100,5.590618,267.90,2.816046e-04,26570,955187200,0.9552,1.5031,training_v2
2026-02-15T17:37:21.490792,52150,5.552349,257.84,2.815687e-04,26581,957644800,0.9576,1.5281,training_v2
2026-02-15T17:38:51.020534,52200,5.524329,250.72,2.815328e-04,26595,960102400,0.9601,1.5530,training_v2
2026-02-15T17:40:20.061429,52250,5.466616,236.66,2.814968e-04,26610,962560000,0.9626,1.5777,training_v2
2026-02-15T17:41:49.000732,52300,5.472428,238.04,2.814609e-04,26626,965017600,0.9650,1.6024,training_v2
2026-02-15T17:43:18.059616,52350,5.532514,252.78,2.814249e-04,26641,967475200,0.9675,1.6272,training_v2
2026-02-15T17:44:47.065155,52400,5.548905,256.96,2.813888e-04,26655,969932800,0.9699,1.6519,training_v2
2026-02-15T17:46:17.579452,52450,5.538912,254.40,2.813527e-04,26663,972390400,0.9724,1.6770,training_v2
2026-02-15T17:47:48.088874,52500,5.499354,244.53,2.813166e-04,26670,974848000,0.9748,1.7022,training_v2
2026-02-15T17:49:20.099868,52550,5.475826,238.85,2.812805e-04,26671,977305600,0.9773,1.7277,training_v2
2026-02-15T17:50:50.629760,52600,5.487920,241.75,2.812443e-04,26678,979763200,0.9798,1.7529,training_v2
2026-02-15T17:52:21.153839,52650,5.465854,236.48,2.812081e-04,26684,982220800,0.9822,1.7780,training_v2
2026-02-15T17:53:51.818623,52700,5.422479,226.44,2.811719e-04,26690,984678400,0.9847,1.8032,training_v2
2026-02-15T17:55:22.284920,52750,5.403682,222.22,2.811356e-04,26697,987136000,0.9871,1.8283,training_v2
2026-02-15T17:56:52.876328,52800,5.407815,223.14,2.810993e-04,26703,989593600,0.9896,1.8535,training_v2
2026-02-15T17:58:23.367331,52850,5.444341,231.44,2.810630e-04,26709,992051200,0.9921,1.8786,training_v2
2026-02-15T17:59:54.023233,52900,5.463191,235.85,2.810267e-04,26714,994508800,0.9945,1.9038,training_v2
2026-02-15T18:01:24.523878,52950,5.441170,230.71,2.809903e-04,26720,996966400,0.9970,1.9290,training_v2
2026-02-15T18:02:54.925467,53000,5.435889,229.50,2.809538e-04,26726,999424000,0.9994,1.9541,training_v2
2026-02-15T18:05:00.980058,53050,5.438099,230.00,2.809174e-04,26598,1001881600,1.0019,1.9891,training_v2
2026-02-15T18:06:31.170945,53100,5.412709,224.24,2.808809e-04,26606,1004339200,1.0043,2.0141,training_v2
2026-02-15T18:08:01.670870,53150,5.375449,216.04,2.808444e-04,26613,1006796800,1.0068,2.0393,training_v2
2026-02-15T18:09:32.095959,53200,5.340571,208.63,2.808078e-04,26620,1009254400,1.0093,2.0644,training_v2
2026-02-15T18:11:02.488968,53250,5.290901,198.52,2.807712e-04,26627,1011712000,1.0117,2.0895,training_v2
2026-02-15T18:12:32.909263,53300,5.279206,196.21,2.807346e-04,26634,1014169600,1.0142,2.1146,training_v2
2026-02-15T18:14:03.243981,53350,5.328344,206.10,2.806980e-04,26640,1016627200,1.0166,2.1397,training_v2
2026-02-15T18:15:33.612223,53400,5.350343,210.68,2.806613e-04,26647,1019084800,1.0191,2.1648,training_v2
2026-02-15T18:17:03.766259,53450,5.346278,209.83,2.806246e-04,26654,1021542400,1.0215,2.1899,training_v2
2026-02-15T18:18:33.878804,53500,5.368197,214.48,2.805878e-04,26661,1024000000,1.0240,2.2149,training_v2
2026-02-15T18:20:05.320980,53550,5.379043,216.81,2.805510e-04,26663,1026457600,1.0265,2.2403,training_v2
2026-02-15T18:21:34.360684,53600,5.358131,212.33,2.805142e-04,26673,1028915200,1.0289,2.2650,training_v2
2026-02-15T18:23:03.501617,53650,5.336326,207.75,2.804774e-04,26683,1031372800,1.0314,2.2898,training_v2
2026-02-15T18:24:32.632816,53700,5.307295,201.80,2.804405e-04,26693,1033830400,1.0338,2.3146,training_v2
2026-02-15T18:26:01.622855,53750,5.254403,191.41,2.804036e-04,26702,1036288000,1.0363,2.3393,training_v2
2026-02-15T18:27:30.747162,53800,5.216212,184.23,2.803666e-04,26711,1038745600,1.0387,2.3640,training_v2
2026-02-15T18:28:59.935238,53850,5.263306,193.12,2.803297e-04,26720,1041203200,1.0412,2.3888,training_v2
2026-02-15T18:30:29.030045,53900,5.312432,202.84,2.802927e-04,26729,1043660800,1.0437,2.4136,training_v2
2026-02-15T18:31:58.065570,53950,5.317300,203.83,2.802556e-04,26738,1046118400,1.0461,2.4383,training_v2
2026-02-15T18:33:27.002857,54000,5.314832,203.33,2.802186e-04,26747,1048576000,1.0486,2.4630,training_v2
2026-02-15T18:35:31.471335,54050,5.304765,201.29,2.801815e-04,26650,1051033600,1.0510,2.4976,training_v2
2026-02-15T18:37:01.595043,54100,5.283035,196.97,2.801443e-04,26656,1053491200,1.0535,2.5226,training_v2
2026-02-15T18:38:31.606967,54150,5.260462,192.57,2.801072e-04,26662,1055948800,1.0559,2.5476,training_v2
2026-02-15T18:40:02.067175,54200,5.245182,189.65,2.800700e-04,26667,1058406400,1.0584,2.5727,training_v2
2026-02-15T18:41:31.960308,54250,5.203800,181.96,2.800327e-04,26674,1060864000,1.0609,2.5977,training_v2
2026-02-15T18:43:02.409114,54300,5.184695,178.52,2.799955e-04,26679,1063321600,1.0633,2.6228,training_v2
2026-02-15T18:44:33.011487,54350,5.219309,184.81,2.799582e-04,26683,1065779200,1.0658,2.6480,training_v2
2026-02-15T18:50:25.592197,54050,8.150624,3465.54,2.801815e-04,22273,1051033600,1.0510,0.0307,training_v2
2026-02-15T18:51:55.432235,54100,7.830086,2515.15,2.801443e-04,24554,1053491200,1.0535,0.0556,training_v2
2026-02-15T18:53:26.316474,54150,7.424148,1675.97,2.801072e-04,25330,1055948800,1.0559,0.0809,training_v2
